,MSFT_pred,GOOGL,IBM,DEXJPUS,DEXUSUK,SP500,DJIA,VIXCLS,MSFT_DT,MSFT_3DT,MSFT_6DT,MSFT_12DT,RSI,MACD,BB_Width,ATR,ROC,Gold_Return,Oil_Return,Treasury_Change,BTC_Return,Rolling_Beta
2016-04-29,0.02414533368892302,-0.03758461266476809,-0.01738913363341421,-0.042130772869174216,0.016198872218643634,-0.012644266916900015,-0.01286360872399861,0.1719298779307219,-0.041357562491874056,-0.07034618671258963,-0.06904187269896633,-0.05697161876808332,29.338400941803698,-0.7499841991885532,15.424379654857173,6.647942190273946,-10.386373677294586,0.04806517293267376,0.04886635717955201,-0.05999999999999983,-0.00756967512680351,1.2322340963753433
2016-05-06,-0.00048276431567195743,0.010373473667935063,0.018812145495186172,-0.0022476128585431354,-0.012799514128838119,-0.0039588256746787565,-0.0018589715912096239,-0.06445359905353198,0.02414533368892302,-0.07287414845567897,-0.04008592658153631,0.02560157824209952,36.921287600850434,-1.025278060263723,19.3215889050447,6.562419274087342,-2.6844251297217196,0.0028659430771522665,-0.027822469141070894,-0.040000000000000036,0.016957473549825686,1.126394248768503
2016-05-13,-0.004313935780247746,0.013600563040586877,0.0029152247145187715,0.022985256585629443,-0.0048597707420123815,-0.005131902825564083,-0.011640356574433852,0.02150620522096336,-0.00048276431567195743,-0.017694993118622993,-0.06002489563623037,0.010150343128195516,43.87934149612213,-0.7131619735879227,17.3356218535888,6.6164238276564005,2.4263724287770416,-0.016375911491294026,0.03411796207449891,-0.08000000000000007,-0.006296091685922711,0.9639152036442935
2016-05-20,0.03524492118334788,-0.0020764209802281997,-0.003187114587724693,0.012565038297130293,0.00997169124115621,0.0027860947581794804,-0.001962538868857777,0.010582109330536937,-0.004313935780247746,0.019348633593003317,-0.050997553119586314,-0.010215228595610082,45.052122624861184,-0.5008244892423903,5.315767449423233,6.52919432290267,1.159080080097477,-0.015450134706320284,0.03278286185688506,0.14000000000000012,-0.03308737870909795,1.205034128112375
2016-05-27,-0.023741484384133482,0.03303190001258205,0.03726026141498817,-0.005989672140741753,0.008985895769763885,0.022518764901043653,0.0210489094294104,-0.14715764433628742,0.03524492118334788,0.030448221087428173,-0.04242592736825079,0.021647814807097543,56.14623629454999,-0.0905820371595567,6.623251144790965,6.494412048752669,3.143958217602367,-0.03130575531683011,0.03255338543738828,0.0,0.07484095629379883,1.3024830480684702
2016-06-06,0.002489995295941405,-0.0036380687165475933,-0.0007203140965819088,-0.02329862742104094,-0.013336280699548508,0.00491866206324687,0.002632319353766732,0.039601738115025764,-0.023741484384133482,0.007189501018966649,-0.010505492099656344,-0.002886164002996683,52.964287015248246,0.15837980519263795,7.236691493673657,6.397166485942461,2.983009394129188,0.025058198889883698,0.0072712256129308095,-0.1200000000000001,0.08668027742101625,1.3094005122640318
2016-06-13,-0.03581712541713644,-0.03892183192199017,-0.009539168520025676,-0.01180894697605428,-0.01583404197035032,-0.014492419045400773,-0.01053783633488159,0.42935332328285947,0.002489995295941405,0.0139934320951558,0.03334206568815912,-0.035699807010807216,38.59302140670828,-0.04171213522326411,6.705735015315607,6.268887963426855,-4.166694096054645,0.0314775287043787,-0.0164353412619338,-0.10999999999999988,0.19145194164690515,1.2908201057233577
2016-06-20,-0.036031606246822,-0.0013967257370781638,0.015284699117946055,-0.016636155339035952,0.03217046129004386,0.0020133057918858555,0.004074029162314474,-0.13237394568679406,-0.03581712541713644,-0.05706861450532852,-0.026620393417900345,-0.06670631999943666,40.59866032169313,-0.3569227217785027,8.230912821018608,6.2087915485296685,-3.9516578937479583,0.004350516132213045,0.009974593920742514,0.04999999999999982,0.059746995308404216,1.308568283840545
2016-06-27,0.03427376115898584,-0.03330262544562368,-0.06808186609958522,-0.025829186159586293,-0.10552695410246499,-0.040512030163673884,-0.03804309997790689,0.2610653181073159,-0.036031606246822,-0.06935873636801704,-0.06216923534905039,-0.12219413098528076,35.75241116473423,-0.3835272893371382,9.402066142054789,6.11941445094551,-3.4104231971287806,0.02488166637673661,-0.0635531916853016,-0.20999999999999996,0.09461970642134965,1.2898522611073535
2016-07-05,0.03843530806900208,0.055033596460789536,0.05543796037899629,-0.011062817804614156,-0.02074936687279877,0.02543874326227069,0.024449208971523362,-0.18520571197381752,0.03427376115898584,-0.037574970504972605,-0.023581538409816805,-0.07457909152940312,51.98187013397214,-0.15870703593631674,7.502290788373207,6.218092623124854,2.1968808252793877,0.02531026451819063,0.005810769436851881,-0.08999999999999986,-0.004032793485435171,1.2579279819208835
2016-07-12,0.028132685793756718,0.03909304245483591,0.034727128346177416,0.030443456228545607,0.016452499985042557,0.029992650649820263,0.028024711050465,-0.13960149311689207,0.03843530806900208,0.03667746298116592,-0.0203911515241626,-0.06281707889241339,63.30764105755373,0.28346121689952497,8.888295317902799,6.307397578690989,9.86988751415474,-0.01657726036590912,0.00428267823405859,0.15999999999999992,0.03676572852906457,1.2817594824879204
2016-07-19,0.005611768651920368,-0.0022573965455592315,0.016044783137261653,0.01337463617208634,-0.008649522817484212,0.005393996284605684,0.011452794456484838,-0.12398302775582826,0.028132685793756718,0.10084175502174464,0.0314830186537276,0.020977526554071257,58.482552471561405,0.6188657559790229,11.519501622158511,6.363547961236876,3.752248575971999,-0.0019507626307486703,-0.047028845124748475,0.030000000000000027,0.022219779519748073,1.2652908320161933
2016-07-26,0.05454031056552289,0.06684300219568495,0.015791630712451266,-0.012324767309249474,0.0007617306888731967,0.002492523723137019,-0.004604579871511305,0.08638461419882049,0.005611768651920368,0.07217976251467917,0.034604792009706564,0.06794685769786568,73.43794802596074,1.2474075036344772,16.233195103030827,6.679615460387443,6.67168913291174,-0.008144264175626859,-0.039516466396269045,0.010000000000000009,-0.020091908132825687,1.3216802301969601
2016-08-02,0.00915655004266469,-0.0031761521705515605,-0.00954475866427007,-0.039003241809997036,0.01458886753732258,-0.005616940437184859,-0.008697569638229652,0.02422525734514913,0.05454031056552289,0.08828476501119997,0.12496222799236589,0.09834183457446555,69.21388844327821,1.2168387986016853,13.784063703924723,6.6782945691472,6.573728926129725,0.032552927359755124,-0.08278411315923506,-0.020000000000000018,-0.1793900465628031,1.2994908560515337
2016-08-09,-0.007820119116838775,0.02822972014533054,0.015982857267185402,0.011243830853429948,-0.02399872161593153,0.011390448058069325,0.011902388793368246,-0.1368492101915053,0.00915655004266469,0.06930862926010795,0.17015038428185258,0.1079811489328022,76.479654097965,1.2917785955864076,11.026039460809404,6.787740300487208,2.5370046050057127,-0.018791722746943407,0.07928317100050908,0.0,0.016314752191161297,1.2408372832481396
2016-08-16,-0.005758016112204611,-0.006930815770068044,-0.006636493019011702,-0.01661430621782145,0.0006915363908462369,-0.0016468309114934243,0.0010230533017487886,0.08070220779636506,-0.007820119116838775,0.0558767414913488,0.12805650400602797,0.10447496559621117,66.80983040708898,1.1132502190839233,5.7385687494253155,6.762134674296744,2.152734500136586,0.008551827541498191,0.08533437082435213,0.020000000000000018,-0.02002703582838361,1.2597954750353222
2016-08-23,-0.005879656338364736,0.00780355609051453,-0.0027413192364287298,-0.0007980846393289553,0.012214824746492159,0.004009123249421265,-0.00025445210453689526,-0.02078412146226105,-0.005758016112204611,-0.004421585186378696,0.08386317982482128,0.06347202830065868,70.24734982105085,0.8732996337854146,4.920532262249059,6.675587377182688,0.08731212690950431,-0.00735763752010854,0.03211084162257638,-0.020000000000000018,0.015715492807927944,1.2483520012861438
2016-08-30,0.020089293776486716,0.0,-0.005380904065614089,0.026783798762779476,-0.007234543985614794,-0.00494154138016345,-0.005026820236642138,0.0580555162594929,-0.005879656338364736,-0.019457791567408123,0.04985083769269982,0.08133385634642742,65.80455460252148,0.713366708725168,2.4241235099573597,6.66141329096302,0.7834083189321257,-0.021793288116533027,-0.03706088629759341,0.020000000000000018,-0.00044664356351908907,1.19774047197797
2016-09-07,-0.021934844804647025,-0.003981019089184912,0.013955165487716137,-0.016187579213974068,0.015868551206933756,0.006981720352940535,0.0067842181920099165,-0.11685202357907976,0.020089293776486716,0.008451621325917369,0.06432836281726617,0.09893315482697274,59.89050400046766,0.44967205543257194,1.4276426631180803,6.611855873106373,-0.3973105337771973,0.024549499186520052,-0.018508933134162575,-0.040000000000000036,0.06557704374381768,1.1916879676544847
2016-09-14,0.01826454258677357,-0.02458003724162916,-0.04809477808931728,0.005978944544744458,-0.010172261167960439,-0.028012490438942272,-0.026881146456409155,0.4182253367225348,-0.021934844804647025,-0.007725207366525044,-0.01214679255290374,0.11281543543946215,41.53265356217596,0.06395229878931019,3.8355979324869915,6.5305334791152125,-2.815704483032521,-0.017106012738205223,-0.043113954424491396,0.15999999999999992,-0.019743741950100535,1.0236944950537363
2016-09-21,0.006228796525404423,0.026312627690267654,0.009561598513385228,-0.016851840035490895,-0.01726419779196986,0.017417534250542488,0.014255176986559093,-0.3103554094592824,0.01826454258677357,0.01641899155861326,-0.003038800008794862,0.16711158427305772,57.23824141742473,0.07664823761362527,4.004071335208299,6.634824678800058,0.17340922506801798,0.004077957897370865,0.039591276912383844,-0.040000000000000036,-0.016317704606302996,1.0987712944027723
2016-09-28,-0.010960286222362559,0.00466362280097421,0.017590320442847585,-0.0004970426067840705,0.0013860016078772186,0.003806680814783192,0.0024862882127010266,-0.07087433958665734,0.006228796525404423,0.0025584943075309674,0.011010115633448336,0.1390666196394763,57.781685002477154,0.16904314788946806,3.6320111898913376,6.598027052344102,3.1461006903411035,-0.005668306649031507,0.03702120137108755,-0.08999999999999986,0.003123709408884956,1.109370990658915
2016-10-05,0.013069055439418165,-0.00674325516241403,-0.007673416119356347,0.029007423321632864,-0.01950257997877522,-0.005375090865987531,-0.003179116321442521,0.047290135041457404,-0.010960286222362559,0.013533052889815433,0.005807845523290389,0.08967102534811167,53.5020161004277,0.1202433128068705,3.533973606048615,6.5750042976672685,-0.20774714243046305,-0.041946932454396624,0.05740639922345814,0.1499999999999999,0.004542466597096784,0.9726682763085995
2016-10-13,0.021591524995542954,-0.014303604337967624,-0.020348363363646094,-0.003852826958284261,-0.03590211730464213,-0.013146192885447938,-0.009324892192180911,0.26224443941192854,0.001244454679811824,-0.014654396086057897,0.01785556356217821,0.0602297833297043,45.003460874148004,0.036946512023483535,2.681835096658235,6.530278158977972,-0.8362300562925707,-0.008094601272402357,0.012167234831145901,0.0,0.028153980340460905,0.9763446133317021
2016-10-20,-0.0052228699305261195,0.0057808587743086726,-0.014415545622888715,0.002891010975702102,0.004497697405038359,0.004113354528855417,0.0034973970663916276,-0.19377091356116338,0.021591524995542954,0.023383934895858882,0.023134783566281847,0.07538303263704949,48.58164106314795,0.027346285214861155,2.2799864692015137,6.5365333927799805,-0.8486529926272228,0.00841072615700078,-0.00019824173038207604,0.010000000000000009,-0.01227110020290123,0.9811281422209994
2016-10-27,-0.043969580333746094,0.048582126671106174,0.012005507702148144,0.011671423028958294,-0.006795228570776191,-0.0038836090530107725,0.0004035007182068284,0.11072790360694551,-0.0052228699305261195,0.01761310974482866,0.019919345546010714,0.02280653471991867,63.920884519368215,0.6953150969147828,9.337773782922179,6.82540165669321,5.586779724643495,0.0018157090665287257,-0.01417895094604571,0.09000000000000008,0.04611224268063108,1.0413103878868082
2016-11-03,-0.002432077588459425,-0.014919283622184754,-0.006410841126816891,-0.018914682279017825,0.022821472022800965,-0.021025480215646652,-0.013241616346228113,0.36290549368936853,-0.043969580333746094,-0.02760092526872926,-0.042255321354787156,-0.03307057118789247,54.61083673796788,0.5595761135630113,9.579655478616704,6.803441344864834,3.423584813297669,0.026616319195508886,-0.10732904819870592,-0.030000000000000027,-0.03674783094722134,1.0358009802267114
2016-11-10,0.00749453417465995,-0.008650610959221705,0.05926696368414852,0.03233009367979456,0.005525097131635098,0.03704249038181118,0.04776327649437029,-0.404107334647704,-0.002432077588459425,-0.05162452785273164,-0.028240592956872757,-0.03169814782752933,47.623308743674855,0.4351830055389456,8.429439441862526,6.866530857073959,-2.329429415340647,-0.028511025999743644,0.0,0.32999999999999985,0.01707776026062735,0.9938725906395701
2016-11-18,0.012575759873791004,0.02901746646652681,-0.005471881895954489,0.036397807808612015,-0.01577497501251307,0.008029769236479467,0.0010748871727379594,-0.09778324236136049,0.0054531990356894156,-0.05465371529265051,-0.03138507298203619,-0.01956327710166139,59.21124967258156,0.41615240489912964,5.512559176831906,6.908863289354225,3.4878094942281237,-0.046087379841640796,0.022801182523116026,0.18999999999999995,0.06820676820980154,1.0311808802333822
2016-11-28,-0.009680205944469389,0.004298783374651727,0.02542424167431978,0.011097303789954438,-0.005063301956546695,0.0016091278273782095,0.007421477836640378,0.05711368211844059,0.012575759873791004,0.0059864123288759785,-0.023655828658736056,-0.007113885934792119,58.570183990794526,0.5570474797921676,6.321462716961585,6.791030463036448,3.3877451125381977,-0.014922559929928525,0.02996889576601447,-0.010000000000000231,-0.011863101086340144,1.085530694333942
2016-12-05,0.03742875847210625,-0.006455230667985479,-0.028858982202726757,0.01536725463198696,0.023648540259885442,0.0013571078895617816,0.0061773734877199615,-0.07991597299242104,-0.009680205944469389,0.00834875296501103,-0.05723380909080067,-0.013097534919632725,54.08191868110402,0.32451784574882225,6.1445598305616,6.7457933751195585,-0.2154123831310886,-0.014040639825567247,0.09534877682900023,0.07000000000000028,0.017295181309807006,1.1341268908903777
2016-12-12,0.005677827129556778,0.031867967105229766,0.03479782909853313,0.01080903131923705,-0.002442388450679983,0.02342279406266279,0.029745863562000707,0.04036060308735889,0.03742875847210625,0.040324312401427864,-0.014329402891222642,0.012367134730232987,63.17901829436193,0.5660314052862461,6.832044000187559,6.7865118635298165,2.5738392778258485,-0.008984017645695452,0.019882147722111387,0.10000000000000009,0.015443801832574877,1.1861492714115531
2016-12-19,-0.003168054230647588,0.023055360686827342,0.007104371517902663,0.010864985729124754,-0.020561769990694173,0.0024648811348662036,0.004366494511021557,-0.07642321110908545,0.005677827129556778,0.03342637965719364,0.03941279198606962,-0.0030231743776605313,67.30431396547952,0.8436946123325413,7.829375872731231,6.920031480248475,5.64596104792113,-0.01996594101790361,-0.013530514072338296,0.04999999999999982,0.014271626830010042,1.2057256892869732
2016-12-27,-0.0026706998843977203,-0.005358552769524572,0.0027562868800155016,-0.0028889475441458146,-0.007880133388537908,-0.0008282595569140128,-0.0014819768211342677,0.046083239039174106,-0.003168054230647588,0.03993853137101544,0.04828728433602647,0.007273971149791336,63.6973287466607,0.8838154698769927,9.43135459713702,6.902336009272731,1.785432422926702,-0.0028096876006724614,0.03358177446113375,0.0,0.07641984673126512,1.1991054760293223
2017-01-04,0.02697977846573174,-0.01560806458713948,0.012604311760583187,-0.0023825743061216542,0.0062803517875497095,0.009215513371526818,0.00545458091957407,-0.0887679205644063,-0.0026706998843977203,-0.0001609269854885298,0.040163385415939334,0.008778312433903146,52.82623800132527,0.5358742247266619,5.884564357255825,6.837281777513995,-2.0748345967471336,0.023033480054567512,-0.01194495735319201,-0.04999999999999982,0.18339980037419856,1.1595347547387846
2017-01-11,-0.00663758499787237,0.014184921312533127,-0.008961359317764206,-0.009587472856983581,-0.014826007737476138,0.002010528451789284,0.0006075730252046441,-0.05107124486959602,0.02697977846573174,0.021141024350686433,0.05456740400788007,0.030911575349144016,59.98107646674514,0.4015418082252751,2.906768476220525,6.8584182535077955,-0.14221310864356163,0.026957575811519696,-0.0191456580262801,-0.08000000000000007,-0.14842316038435488,1.154314796538393
2017-01-19,0.038795208219091215,-0.014184921312533127,-0.0056193965449811145,0.01247998045249954,0.008805601128952179,-0.0029774201386283394,-0.008005413316922727,0.10206218786943522,-0.00663758499787237,0.01767149358346165,0.05761002495447709,0.00037621586367642124,49.80756259538088,0.22135708788267294,2.767809940681061,6.794136364918556,0.0,0.004423165006584462,-0.016985567158331882,0.11000000000000032,0.09399836856302102,1.1932131797945806
2017-01-26,-0.04623448399297647,0.031131665587708746,0.06862908670420698,-0.005217403139687882,0.02088597087689828,0.014468376685154105,0.018503132866049654,-0.18420125659553177,0.038795208219091215,0.059137401686950586,0.058976474701462056,0.044647071810239414,67.81140256659424,0.3842436377276073,3.2404021271882897,6.888378001144327,1.7091154956222407,-0.009538245253430055,0.04584730445604235,0.03999999999999959,-0.004570041720432627,1.2036630826701997
2017-02-02,0.014317748079788029,-0.017263303471764857,-0.023101252410447692,-0.01954459607297032,-0.0030254800148226124,-0.00691642134722148,-0.010803935047279722,0.11537604375596766,-0.04623448399297647,-0.014076860771757627,0.007064163578928806,0.04647695556499842,49.758425576239254,0.4704459826548799,6.023893708268268,6.880067734030066,1.396497394916663,0.022609184918784386,-0.004472572950549036,-0.029999999999999805,0.09338572146449042,1.2173132243614206
2017-02-09,0.01448417728391238,0.013990453369002509,0.022827946386603237,0.006734032181343608,-0.0019954510352769572,0.011776840727646842,0.01435418085969431,-0.09212999468202776,0.014317748079788029,0.006878472305902772,0.024549965889364422,0.07283725022539089,56.4171900097079,0.29871500734248,5.631844903431642,6.900671750162047,-0.3267500166968974,0.015009683015300368,-0.010137141639960046,-0.08000000000000007,-0.04763815664205939,1.1805253815133614
2017-02-16,0.0066745111340580365,0.013199303174578958,0.023534771710161273,0.0010591351387265746,-0.003120876377751408,0.01690662792473674,0.021934990822936484,0.07777770104268411,0.01448417728391238,-0.017432558629276063,0.04170484305767452,0.08186822847361386,62.13630318464937,0.44874728163330246,5.007293477854865,6.870299418057164,2.7562771024395265,0.003959460921985958,0.006769499493618714,0.050000000000000266,0.022630074314812454,1.0837031809292483
2017-02-24,0.0014968842494149648,0.00154881188425815,-0.00044143141267571906,-0.005330503026939937,0.0056966495772838854,0.0068581385684209906,0.009540723161979514,-0.0017421607193850441,0.0066745111340580365,0.035476436497758446,0.02139957572600082,0.07596697973388089,61.76842125181094,0.4475903492385669,4.504179115025384,6.739416140125363,1.4857405120904665,0.013537011755738071,0.011737462272929822,-0.10999999999999988,0.11338462986884057,0.8734519131497089
2017-03-03,0.01441725972210639,-0.00574231021395466,-0.007194078810525362,0.020630194766585674,-0.020204340102536272,0.006643591585033803,0.008795711810085649,-0.0454826496214098,0.0014968842494149648,0.022655572667385382,0.029534044973288154,0.08714406992776524,53.525085120415476,0.3062962923772119,3.590031971284107,6.647654948588024,-0.418471789344516,-0.02529946738665334,-0.012299816371739158,0.18000000000000016,0.09004562358522072,0.9413337299216227
2017-03-10,0.012642944925304267,0.010528087674259723,-0.012406638781100376,0.003658222004968792,-0.0074569116790177414,-0.004424153297127198,-0.004902572987198539,0.06191189940247677,0.01441725972210639,0.02258865510557939,0.005156096476303329,0.06413257117776539,59.014872792454135,0.31413485579471967,2.064555713363004,6.666811509031296,0.47972475837748385,-0.020444244597878303,-0.09514143321497137,0.08999999999999986,-0.12635081393094438,0.8649893726882244
2017-03-17,-0.04361418263806405,-0.0009240799425267454,-0.012334578220417391,-0.020642834109533936,0.017448465496292503,0.0023785228595629704,0.0005567034119895453,-0.033132934852433404,0.012642944925304267,0.028557088896825622,0.06403352539458407,0.07109768897351287,57.031468080449955,0.25472202785928033,1.7966691775560273,6.62416182552173,0.9650274209909113,0.02394691485319811,0.005962742031149659,-0.08000000000000007,-0.1044621399135881,0.8232906384964317
2017-03-24,0.015045298355611525,0.0016937656674897994,-0.010415632016809617,-0.014662757109899616,0.009572530160949028,-0.014514583849272178,-0.015316596133528648,0.1388364448542161,-0.04361418263806405,-0.01655397799065339,0.006101594676731992,0.030651560566096414,56.072957203465194,0.2240509815516205,2.1186119546293245,6.679935230501106,0.07699820090304219,0.014850880157623259,-0.016744526801917736,-0.10000000000000009,-0.10059833235029902,0.8706053630938391
2017-03-31,-0.006745930702983127,0.013451804471711348,0.0017819595681771716,0.0034166550050507283,0.0036758871501157697,0.00796315848816942,0.003223468457880685,-0.04659350451973232,0.015045298355611525,-0.015925939357148255,0.006662715748431136,0.04836755880610566,64.76999219788392,0.342813362870352,2.6314881883452306,6.688307736247603,1.5260845521822586,-0.0007212201023900633,0.05337570517651802,0.0,0.10317141830540066,0.795136687972616
2017-04-07,0.015354746208041448,-0.002736919968814533,-0.011551599186955919,-0.005851391768464609,-0.011149102854160403,-0.0030434971969688362,-0.0003446329741372267,0.039624835203638575,-0.006745930702983127,-0.03531481498543565,-0.006757726088610028,0.014641849637390791,59.78069485272063,0.3369858149056384,2.917629200469297,6.696399066012297,1.0772494455324177,0.005596432680492924,0.03189697096038069,-0.020000000000000018,0.06560287996835168,0.7952202430966409
2017-04-17,0.02745173350431429,-0.0030494034333141684,-0.00605977883732578,-0.02269820796568922,0.013517502366666767,-0.0034635417536401647,-0.0010219170598748661,0.042500300678750325,0.015354746208041448,0.023654113860669845,0.007100135870016455,0.03663418084330461,55.176573486878986,0.1951306619799098,2.418128093317453,6.679250705271243,-0.5769614875384862,0.027599325851742407,0.007817750463449347,-0.11000000000000032,-0.005396174661208342,0.8683755583604227
2017-04-24,0.05950700254944907,0.03082711116112602,-0.06239778910314264,0.011732490217915448,0.015451627876516827,0.010645515891748225,0.006133715648404703,-0.3018797004470053,0.02745173350431429,0.03606054900937261,0.020134609652224356,0.025290706128527685,72.06913679346604,0.3395036128721145,3.2860807259676017,6.826667381608524,2.8167105414640954,-0.010603541730547228,-0.0671630830899006,0.020000000000000018,0.03240353105436,0.8655319714279236
2017-05-01,0.027355534525811187,0.02745911801376888,-0.011953058024659846,0.018418722210722827,0.010428110063993884,0.005954898247482632,0.007177550497754481,-0.06971796297912025,0.05950700254944907,0.10231348226180481,0.06699866727636916,0.13103219267095323,80.37672942188406,0.847306142211707,7.9530954865243615,6.9744703258522565,6.001836047298539,-0.017793359503286865,-0.007953532104895356,0.050000000000000266,0.10407954281339205,0.8452021804975585
2017-05-08,0.0005526952536625274,-0.006794431069940821,-0.027542140110453417,0.009438232292243498,0.0019335633851957912,0.004615993709124133,0.0047140579033744245,-0.03420856697768837,0.027355534525811187,0.11431427057957455,0.1379683844402444,0.1440699791169764,71.23552915843702,0.9432086251420202,9.83423543485949,6.92836941838375,2.0879679954420043,-0.022594359771787254,-0.05060384376209903,0.06000000000000005,0.14543355893895527,0.9088691131861634
2017-05-15,0.005043385892702368,-0.00742552885489367,-0.009982535455863584,0.006184311608784299,-0.0019335633851957912,0.0012245664524623834,-0.001444961010298229,0.06441057027052954,0.0005526952536625274,0.08741523232892279,0.1234757813382954,0.13013849708672653,59.955465971311554,0.7143335320810422,7.848993963054109,6.878000666847923,-1.4119333825735425,0.0026895380530431723,0.050808538648139834,-0.050000000000000266,-0.027628545929777815,0.8948367072865818
2017-05-22,0.03275392633590535,0.006008143281178491,0.007430902868507339,-0.021274557332374933,0.006866516197081507,-0.003460975779459474,-0.004160307762168358,0.04778426586322615,0.005043385892702368,0.03295161567217608,0.1352650979339809,0.12850737184537087,57.690214576815315,0.48127947688152517,3.2342864868095274,6.862289263074589,-0.1416381557198622,0.02579179364788242,0.03776309530228383,-0.08999999999999986,0.16702185123345448,1.0328775325052595
2017-05-30,0.000511916585221428,0.028231768714818806,-0.005979889883107603,-0.008636253749395806,-0.009751644492795086,0.006023300753952299,0.004363395821670224,-0.03223027790491351,0.03275392633590535,0.03835000748227024,0.1526642780618448,0.15976441393186125,69.59452399254765,0.6962512630537958,4.3031203559167395,6.870713541239502,3.4832845762716156,0.0011098974143246565,-0.02131766554769987,-0.08000000000000007,-0.05782727146462996,1.0831098184271364
2017-06-06,-0.026618381214680742,0.029526752364150255,0.004209418358500194,-0.01218086145187236,0.0033386420235045344,0.006782011192079551,0.005063842323627554,0.006721100673077629,0.000511916585221428,0.038309228813829144,0.12572446114275193,0.1458590707949763,75.59122925276351,1.0879054371090149,8.482964262453525,7.0294528760741075,5.945912777112337,0.025270305244938562,-0.03004827485255479,-0.06999999999999984,0.17319321976653868,1.0783239500440407
2017-06-13,-0.0015571398390124003,-0.02612420487644318,0.012262917661254313,0.007108386807553657,-0.01263667361534973,0.004525972471097539,0.009054170324329647,-0.0028749420855991303,-0.026618381214680742,0.006647461706446034,0.039599077378622116,0.10659774465499128,56.22667497241024,0.8061983975388216,8.855596633719884,6.9566211948884975,0.3408342723401549,-0.022342914249406043,-0.0365597945182623,0.06999999999999984,-0.03208889152161376,1.1955804999544422
2017-06-20,-0.021804864784834788,-0.010529297493188317,0.004527736136524574,0.012095101866983704,-0.008751583431904658,-0.0013613868563728815,0.006480593935810575,0.04135927818056828,-0.0015571398390124003,-0.027663604468471714,0.010686403013798529,0.14865478745404292,50.321950211777185,0.4449514519957205,6.242126398203803,6.892723181835961,-3.5989895297152303,-0.019786865711510337,-0.07205701954603905,-0.04999999999999982,0.0992683271688728,1.2744183412593633
2017-06-27,-0.016837594401746703,-0.010063301265597069,-0.0012917306555211283,0.008576075432538133,0.012825227921510862,-0.007268775787694359,-0.007315976882685149,0.018248681588399762,-0.021804864784834788,-0.04998038583852793,-0.011671157024698786,0.11180462431359661,45.125834546026674,0.2511223938110021,5.411722623900241,6.886496325989803,-2.0382019134606315,0.004341909499538943,0.023094707063592956,0.04999999999999982,-0.05819977639388796,1.3532219882926169
2017-07-05,0.03726900691941948,-0.0018803800499345158,-0.007003010551497546,0.009051441688892048,-0.00015461925040466395,-0.00334480728319253,0.0010975297833031306,0.09865814474670165,-0.016837594401746703,-0.04019959902559389,-0.03355213731914786,0.10171296061483304,46.78864047448123,-0.16217160620189475,5.834210398477819,6.917511444614641,-1.1872638672030364,-0.021080721856663764,0.019917842352325188,0.10999999999999988,0.04767928519934639,1.4780128091622604
2017-07-12,0.02561831504228218,0.029525168311042016,0.00019514137343978888,-8.834312475425321e-05,-0.0034852686017586842,0.0043931413063189595,0.0025096321475661654,-0.07209485148495576,0.03726900691941948,-0.001373452267162012,-0.029037056735633726,0.12362722132621107,58.33091127173342,0.040477100470191374,4.776812016195144,6.993874467128146,2.803045107351929,-0.0018864461843097757,0.007945320972970737,0.0,-0.04874165535257724,1.541993961467057
2017-07-19,-0.02804969377684774,0.03738113257275888,-0.040971417474864325,-0.012624634246808597,0.011340526552672703,0.012438436740354497,0.005031408790211245,-0.050782438693171006,0.02561831504228218,0.046049727559954956,-0.003930658278572974,0.12179380286417896,69.10847535291472,0.8084839069604755,9.538731814547125,7.120367401977087,6.919529082714539,0.01878636657160193,0.03520495819594904,-0.06000000000000005,0.01779141205565793,1.5596503626555338
2017-07-26,-0.018474875018262615,0.0025691671533287774,-0.01481804113046703,0.0029481416805943184,0.0009201043433975653,0.0016156201637738121,0.003241393729634723,-0.019598358068628308,-0.02804969377684774,0.03483762818485392,-0.005361970840739971,0.034237106537882145,66.49030967985462,1.0621334604848016,12.370309309939227,7.102578274813611,4.075904689726127,0.006264616890803154,0.034007680768505466,0.020000000000000018,-0.05323730414698602,1.5641909224664985
2017-08-02,-0.00800952941026889,-0.024469768759646904,-0.006279838530732107,-0.015009494019074587,0.014305524740653108,-0.00010493602947825309,0.01396085770630151,0.06843716155322843,-0.018474875018262615,-0.020906253752828174,-0.022279706019990186,-0.011593303006191658,51.669043076972414,0.6407270672557246,9.135127267874674,7.0790017643725935,-2.1662524608104317,0.01809002710065677,0.01708400613417549,-0.020000000000000018,-0.03563630359233194,1.6930663021573307
2017-08-09,0.00444716549457036,0.0029020159697825676,-0.008217423050318473,-0.0035379000026658503,-0.01822182845991438,-0.0014338830994651275,0.001473280384422182,0.07764534362451947,-0.00800952941026889,-0.054534098205379244,-0.008484370645424288,-0.020155527670123075,52.462652287418265,0.37442377738734933,3.8307959003937806,7.049451373462036,-2.1336831937124963,0.0009430613311725011,-0.0006051191074250006,-0.029999999999999805,0.14341759258870113,1.6948024801856536
2017-08-16,-0.001791379291173012,0.021464854057612115,0.005135892762249128,0.006882838256809798,-0.010596842789978078,-0.0023916824596561526,-0.0010813738175592391,0.055156210748411816,0.00444716549457036,-0.022037238933961145,0.012800389250892774,-0.020751748068255083,61.65473289258309,0.4180659348625966,4.214404862259226,7.10440818049321,2.466616824750638,0.0030589649930208296,-0.057728349409125634,-0.010000000000000231,0.1813819467911877,1.5832994105930722
2017-08-23,0.0011133645997096764,-0.012707299502856984,-0.0025293119426983424,-0.015095312555097884,-0.005692688980442201,-0.009800267764808801,-0.009707866196785986,0.04252412259078575,-0.001791379291173012,-0.005353743206871542,-0.026259996959699716,-0.05529705369533344,53.28781615401612,0.29943935527781207,3.207891022912679,6.971289023532735,0.8796014124255146,0.009353875802087686,0.03425066573813096,-0.06000000000000005,-0.002189592846677968,1.4725873536898186
2017-08-30,0.006611928335058526,0.017583728724714476,0.0029504173449410587,0.009665434960728803,0.011430473195369967,0.005528787164992721,0.003676511742700228,-0.08782803689618568,0.0011133645997096764,0.0037691508031070242,-0.05076494740227222,-0.054695605680845194,62.19797077678553,0.34771586318491643,3.665326535085487,6.940284400861162,0.48883383529773755,0.014786523677907226,-0.051934967739147186,-0.020000000000000018,0.043355089361616805,1.455146421242975
2017-09-07,-0.010327892597489896,0.0044489851622744325,0.0023820890428458696,-0.01648993026278145,0.01585746414422634,-0.002653569187601512,-0.007469014583499245,0.08677527735448765,0.006611928335058526,0.00593391364359519,-0.016103325290365955,-0.021465296131105926,60.210750085154835,0.46662510606662977,4.581175418935508,6.94118673204868,2.2277226585086267,0.02789265753374348,0.06588391811782568,-0.07000000000000028,0.004599783350721864,1.364747889158104
2017-09-14,0.007861607343793597,0.0057669979688173,0.018305730858171998,0.02192669610113196,0.022951332067176367,0.01230482070409078,0.019037472523281807,-0.10104085451331013,-0.010327892597489896,-0.002602599662721694,-0.007956342869593236,-0.030236048889583422,59.87019874147586,0.6013799179088437,5.000985337505609,6.947575194380102,1.0268344442281716,-0.015282359733711282,0.016165218460709507,0.15000000000000036,-0.29229749825055507,1.2280806320874706
2017-09-21,0.01805141867848903,-0.007517508634426129,-0.0019256318617797419,0.014711424274434393,0.013198085845849195,0.001993507751556045,0.00699017785027678,-0.07661627298928986,0.007861607343793597,0.004145643081362227,0.007914793884469251,-0.0005695767609550373,51.959033586199105,0.5562697772563183,4.668251204638395,6.952449738882051,-0.1748979415433979,-0.026078774245546832,0.013142360734712089,0.06999999999999984,0.0016537858741649814,1.2512192638227408
2017-09-28,0.02090324266740673,-0.004592416061999671,0.002749768891360027,0.0032005717221696983,-0.0104402858644706,0.003775954161695516,0.000982109549054755,-0.012487154972563808,0.01805141867848903,0.01558513342479273,0.02151904706838792,0.034319436319280694,49.81298771972418,0.1759309213646958,3.631892472412253,6.895546588011934,-1.2036894651719388,-0.003959459878963401,0.019783274332088485,0.040000000000000036,0.09605064256330031,1.2121614341077926
2017-10-05,0.02055493691266319,0.028032204148303208,0.007251156081838239,0.0007098491868609003,-0.022811242428108336,0.016598137332989538,0.017459246289659447,-0.038425218125043514,0.02090324266740673,0.046816268689689355,0.04421366902696766,0.017953672067267945,63.99310849957037,0.3183677745999489,3.659655409057063,6.978322453315923,2.3716658951744143,-0.012209571285771936,-0.015046701866906709,0.040000000000000036,-0.0023767547690205504,1.2419485498513334
2017-10-12,-0.003795860323183131,0.015023703251518583,0.002110617327153008,-0.0031982969693764574,0.0031931905791549586,-0.0004467960097844781,0.0028770374366793305,0.07542841197430095,0.02055493691266319,0.05950959825855895,0.06365524133992118,0.012890293937648956,70.65929251016718,0.6667686194163593,5.6925465385746525,6.998521999556089,4.39962603354047,0.018258952755703106,-0.0037479567011837744,-0.020000000000000018,0.20735116729594516,1.1656046412514398
2017-10-19,-0.010455293519354036,0.010191882493722382,0.09014610876520734,0.0014227283210805908,0.0005312085118275855,0.0043692361553961945,0.014000300409719557,0.014028286163188408,-0.003795860323183131,0.03766231925688679,0.05324745268167952,0.037144127391313564,74.32275220996206,0.912057456445865,8.237711719370306,7.014745703141959,2.553618767740109,-0.004960884705036861,0.013544273113483385,0.0,-0.021364193428922817,1.1740052576071927
2017-10-26,0.05068939794265015,0.0108509963358836,-0.046431091207619346,0.010430572777666569,0.0,-0.0006637384333476604,0.010214868939740995,0.11723009121321004,-0.010455293519354036,0.006303783070126023,0.05312005175981538,0.04516370889022214,75.63599440251537,1.0618326479219178,7.902343634594608,7.141487552571436,2.126584138269088,-0.01613694345459482,0.02598045617104372,0.1299999999999999,-0.0212416583963968,1.1648391178907243
2017-11-02,0.0045440471394595505,0.06500680455134145,-0.0016289281282722001,0.0010546669987974155,-0.00860990499150499,0.007567761422762942,0.004919322955915462,-0.12924224766121384,0.05068939794265015,0.03643824410011298,0.09594784235867193,0.10386263624314118,83.81181827814453,2.008676708463767,13.872561927247956,7.739994605556016,7.88091575446331,0.0067684622776189585,0.03545811878155192,-0.10999999999999988,0.20732494624112263,1.7423082120173774
2017-11-09,0.0007155239903600119,0.0004755964687976899,-0.010143703208395749,-0.003872562487944542,0.004961652864199084,0.0018472375118392392,-0.002312563027462744,0.05581477910639654,0.0045440471394595505,0.044778151562755664,0.08244047081964245,0.10395951788803037,77.48886838963429,2.0775850912781237,14.408746674560497,7.699901913058871,6.767394717585989,0.008357753139036639,0.04709485904384714,-0.020000000000000018,-0.0325528277981153,1.8392552418850237
2017-11-16,0.007648599418881741,-0.005630500352080681,-0.007881943089977916,-0.004507498020196898,0.004861384431669669,0.0003945643016916023,-0.00015259919510057784,0.11332868530700324,0.0007155239903600119,0.05594896907246971,0.062252752142595735,0.1064664211695634,68.88382415964375,1.589577060279126,10.871255454138614,7.566097613549533,-0.5141640167107779,-0.006398735193102745,-0.036153858721110765,0.040000000000000036,0.2136218084452448,1.733728806139121
2017-11-24,-0.030219481861188058,0.0007209395481764247,0.018075787148077893,-0.003937012959339903,0.00858503653710635,0.009098218231718747,0.008515228396364094,-0.16721316834151656,0.007648599418881741,0.012908170548701303,0.049346414648814285,0.11300165598873546,62.73992880770469,1.1159345364430067,2.2567774298699033,7.462571356600681,-0.4897528609244371,0.007253982002810133,0.06681424539899972,-0.010000000000000231,0.026667975269921484,2.1210194782810454
2017-12-01,0.023438526903043044,0.011938844410460447,0.01904802386509541,0.003043597372351492,0.012592841796086163,0.015177691522047176,0.028192112754041432,0.16721316834151656,-0.030219481861188058,-0.021855358451946305,0.02292279311080936,0.07617024579248888,62.21109786952408,1.0043488818807162,2.7567264273745864,7.525008769579402,1.2740258260767028,-0.00615858687415205,-0.010058905812551089,0.03000000000000025,0.16238064976638888,1.8609946540382014
2017-12-08,0.021326511404971882,-0.0011877475623309763,0.0003231987944793957,0.014816400217807946,-0.010271004255242966,0.003506044711878431,0.004018477115693031,-0.17656388582395044,0.023438526903043044,0.0008676444607367273,0.05681661353320644,0.10993666529302182,58.07032013801418,0.4975786190769611,4.272045658019845,7.6435882473906815,1.0809097560583483,-0.026626056014080746,-0.017283527180891767,0.009999999999999787,0.38070390875159,1.8143539441596912
2017-12-15,-0.0029334575085124825,0.031462688950439244,-0.015034011454825524,-0.007691325543395244,-0.0038226632765575586,0.00912662065544012,0.013171855310776692,-0.01684250339449722,0.021326511404971882,0.014545556446826868,0.02745372699552817,0.1234015693542001,65.57402860581834,0.9292090207295729,6.662650170963507,7.788115356192695,3.0737887504488413,0.007281566604839362,-0.0010465965262129728,-0.029999999999999805,0.1359959340694843,1.9870004023244676
2017-12-22,0.004061645025617899,-0.015548834056631655,0.0,0.005487225025788689,0.004719993778703913,0.0028101489808376456,0.004142029732822294,0.04969966855227259,-0.0029334575085124825,0.041831580799502444,0.01997622234755614,0.10241669316719859,57.972954233483385,0.8853145776881917,7.15428172976232,7.678605587831478,1.6041154662811716,0.01668218706423641,0.02021321265913656,0.1299999999999999,-0.32485194831952846,1.8546768429953069
2018-01-02,0.036216048562681014,0.0051322766892845095,0.011410137490523553,-0.009051441688892048,0.01683703783288404,0.0056953715036938135,0.003138984006190171,-0.04796123952972575,0.004061645025617899,0.0224546989220773,0.023322343382814026,0.08557509552540976,59.837465482372295,0.723945284232471,7.320287460591807,7.608407573026997,-1.0362492918302628,0.02958767228361303,0.03197845205051397,-0.010000000000000231,0.025389493987725942,1.7848454920896384
2018-01-09,0.023368129184992092,0.02606750783264644,0.060254956933632364,0.003470526286522002,-0.005753501155707219,0.02037117680967615,0.02237863259483852,0.031236796588530957,0.036216048562681014,0.03734423607978643,0.0518897925266133,0.10123620717542758,70.3233303771935,1.0403447577237017,4.770925844988995,7.72113058696587,3.1691599311448297,-0.0015235777110342852,0.04200731445221528,0.08999999999999986,-0.06651320606971112,1.784546260850129
2018-01-17,0.02786721730088626,0.021530670350810688,0.0289956777868543,-0.006028179665513278,0.022754027005750854,0.019576217098804527,0.029001670936759538,0.19295726100083455,0.023368129184992092,0.063645822773291,0.10547740357279345,0.1284001966836028,69.8713626252013,1.227438257584481,6.723948247720242,7.923730970296579,4.874916035449291,0.019851993092144582,0.01591465297674244,0.020000000000000018,-0.2227752585220646,1.5622396278981288
2018-01-24,0.009288299186059668,0.018466470515694056,-0.019639636813900907,-0.0150939399522807,0.026694897555494257,0.01240419443361862,0.005211996192800328,-0.037643452225929686,0.02786721730088626,0.08745139504855937,0.10990609397063666,0.1667227075038431,74.19625495776864,1.596562988016501,9.499861263401497,8.098854345618022,4.080779837969479,0.01328949678588831,0.02531389011503027,0.08000000000000007,-0.021597230023839842,1.592054792819502
2018-02-01,-0.15918035936174357,0.020687444683524348,-0.01872731325976229,0.007332755129391799,-0.0011925223257446271,-0.006101166556328863,-0.007838836628531354,0.15118551827742355,-0.00046550505599807224,0.062374815077339996,0.0851979513768657,0.11808035435909581,70.32784776495433,2.003741057922383,10.691662673940746,8.431309394793029,4.617075571305947,-0.00859199069151284,0.00441704935755638,0.1499999999999999,-0.2211810134912735,1.4822092358687942
2018-02-08,0.079744136679047,-0.10328745905951298,-0.08582659218556365,-0.004576667027412107,-0.02357896325724046,-0.0892618454968126,-0.09302933455070317,0.9098857051364053,-0.15918035936174357,-0.11980647682929702,-0.05609210231985973,-0.035522711777776106,38.20151484574986,0.4673759699252287,10.716439337855817,8.468816999596871,-7.9280651919328635,-0.020592959527333754,-0.07328999762433863,0.07000000000000028,-0.10437150647690352,1.3003261598028757
2018-02-15,0.033101236170051784,0.09085397397539996,0.0554818055391344,-0.024518315854324513,0.0104376126308246,0.05656415232156231,0.054635981337094464,-0.5590929121065167,0.079744136679047,-0.07990172773869464,-0.00014659805152339445,0.05216369538519672,57.738419540944015,0.4662549866573187,10.551716214626648,8.649652447830153,-1.2356508667100108,0.026378413053094185,0.003102274087451562,0.04999999999999982,0.16478268018944497,1.325805866658482
2018-02-23,-0.03973893904782688,0.014996179912572849,-0.003145906133833698,0.005076630250516523,-0.005422000869503785,0.005504145644683156,0.0035864328853723038,-0.16560694018635136,0.033101236170051784,-0.04633498651264478,0.016039828564695213,0.05099044722360313,59.91099415048613,0.8845091649781835,11.012952246765561,8.591112464404327,11.165528680279078,-0.017834315964326386,0.035394824456440155,0.009999999999999787,-0.02404579524358219,1.3244698557606827
2018-03-02,0.06835694616617438,-0.010795708184606845,-0.006645037380478058,-0.009326931808387506,-0.015136515026756059,-0.020612841501042034,-0.030973797903145694,0.1722650953849416,-0.03973893904782688,0.07310643380127191,-0.04670004302802511,0.0689869113339796,55.00052564069706,1.070307167808366,11.396794038550944,8.46822408314943,0.42093060744773536,-0.005359900939776452,-0.0368631362052847,-0.020000000000000018,0.13723594220542346,1.2683472735309533
2018-03-09,-0.02302240069313921,0.0368204438921822,0.030722506928789528,0.010264226843732516,0.006803732094003756,0.03480567913517163,0.03199066555294827,-0.2912617234232835,0.06835694616617438,0.061719243288399284,-0.018182484450295355,0.09847938318017713,64.367133540711,1.1967707088690815,9.18828190709153,8.495514688021048,2.6366336057005135,0.0009835815645429236,0.012815503640550396,0.040000000000000036,-0.2093981695440732,1.2428458889831773
2018-03-16,-0.09991792772933383,-0.020300045638824038,0.005945579474496476,-0.006013925285861532,0.00403139268902436,-0.012479895046181966,-0.015482114452083806,0.07625243149975525,-0.02302240069313921,0.005595606425208288,-0.040739380087436494,0.044458571289429205,55.73386288031523,0.9875010504088095,5.754188515485969,8.420225933666801,1.665761461414822,-0.008429237194945927,0.00482392372147622,-0.04999999999999982,-0.1386692550351043,1.2612446447842776
2018-03-23,-0.013652712339261353,-0.08168253890039967,-0.07358945334859968,-0.012042055155455422,0.016530479724970903,-0.06134571851439308,-0.05832174256126699,0.45365231778239234,-0.09991792772933383,-0.05458338225629866,0.018523051544973246,-0.03756905077488648,33.19888557643496,-0.24591562354424923,8.751553244501311,8.116240475392658,-9.695472151844156,0.02856692685068296,0.05523158683189511,-0.03000000000000025,0.07674101704308534,1.2772072206209626
2018-04-02,0.007340088541956558,0.01525351983893497,0.007894002230454333,0.009384399881640526,-0.014433532018118977,-0.029263045639548402,-0.023342646612947604,0.11614382105460797,-0.013652712339261353,-0.1365930407617344,-0.07487379747333511,-0.07502039552485851,42.83753303273403,-0.6581022761468773,10.929022687478126,8.497836622092915,-6.427066755462022,-0.005350442411668155,-0.04454144630289658,-0.1200000000000001,-0.11592483019114042,1.4403803947676734
2018-04-09,0.025177977634893267,0.025100271021583964,0.017307721933587317,0.010044674926072084,0.007384299387568016,0.012042401219775734,0.014065198823816516,-0.08156093552276023,0.007340088541956558,-0.10623055152663863,-0.10063494510143034,-0.08459511653673513,48.098948096031734,-0.4507678547930851,10.335593545438302,8.575811769697667,4.1179068677597135,-0.004330895886011099,0.006485822922457807,0.04999999999999982,-0.01220014946755299,1.4148028466520604
2018-04-16,0.02614401720658721,0.03677279928936805,0.03348876631692299,0.0018663685895434767,0.013770064425312145,0.02445028244105618,0.024467289384134006,-0.2735427262893424,0.025177977634893267,0.018865353837588472,-0.03571802841871019,-0.0824180714467353,55.420751422158936,0.20983114496753785,8.332763738534256,8.607457531104231,6.382730488892163,0.008346386456344668,0.043203310314835264,0.050000000000000266,0.14537438330604324,1.4207840154081868
2018-04-23,-0.052803531599836084,0.012452846803470585,-0.07925101175274918,0.01259975905191979,-0.026800260532637732,-0.002823418658679522,-0.00507327124974033,-0.013374059525256943,0.02614401720658721,0.058662083383437036,-0.07793095737829736,-0.09611344182859272,56.47998064893541,0.900452374210218,10.313158389959026,8.546388633405787,5.04573555973958,-0.01872713905069734,0.03589289573448351,0.1499999999999999,0.08985173189688389,1.4988273744956486
2018-04-30,0.03934984048318224,-0.019379062072896858,-0.0061894893226934755,0.006057843215780956,-0.014582990169262011,-0.00836356067454691,-0.011747890390903848,-0.02541196550989966,-0.052803531599836084,-0.001481536758355606,-0.10771208828499423,-0.14845146837243073,50.296868205082184,0.5677700125325913,8.235808812871372,8.704656936625716,-0.690228432261828,-0.004775124808237052,-0.0010203294419381947,-0.029999999999999805,0.04366537286070482,1.5344524592396966
2018-05-07,0.043533079489616266,0.02846193170653688,-0.012076110013674146,-0.0012819340643943633,-0.013471175237636135,0.009239486254421614,0.008003675006605704,-0.07696104113612812,0.03934984048318224,0.012690326089933368,0.03155567992752184,0.050078731472495086,56.807719480437235,0.6114778654800404,5.711853900638133,8.676400998004818,0.9124244065348859,-0.003043679224327356,0.031014741663438983,0.0,0.014734036415164908,1.5503449363343078
2018-05-14,-0.020625226346854486,0.018636347945562903,0.018552498409729168,0.003475719222107543,0.00206170458126248,0.021286220784592302,0.0220116880417347,-0.13169289000206286,0.043533079489616266,0.030079388372962423,0.08874147175639946,0.013867674283064346,60.75413226735592,1.0972891406551355,6.5767807139738705,8.52754399722628,4.822502320808005,0.0032716192364743435,0.0032464665901645873,0.04999999999999982,-0.06746717941762626,1.5706234856353543
2018-05-21,-0.014813837050396295,-7.09968708063613e-05,0.008212845279697234,0.014143481458405383,-0.013104988943737628,0.0010543388113033458,0.004563175208158299,0.011534153245286394,-0.020625226346854486,0.06225769362594402,0.060776156867588416,-0.039858788233841924,59.308796376885425,1.0012349153795839,7.394465290866038,8.339913856194633,1.8738758667001625,-0.020179492683616296,0.01787755443812955,0.06000000000000005,0.005975797284591522,1.6294164186705458
2018-05-29,0.07479509833336317,0.004192068650683112,-0.029788275646895457,-0.02113396202038942,-0.014006145901628131,-0.012773754759376033,-0.019228226602523435,0.2526582887216877,-0.014813837050396295,0.008094016092365486,0.020784342182298854,-0.014933686236411337,59.00367733906253,1.0927836384823877,6.370413982197593,8.207140179901057,0.4129575073064667,0.006566519265601478,-0.07933920231570646,-0.29000000000000004,-0.015239409899496792,1.6104939962733085
2018-06-05,-0.0024617626412215543,0.041764432515194905,0.01740871203968286,0.009255507079749314,0.007664024289299853,0.02167530515808469,0.017840881839250144,-0.3166926505342369,0.07479509833336317,0.039356034936112394,0.06943542330907482,-0.008495534069222543,71.84384899598702,1.566518740262154,7.014227216675689,8.322157043178695,4.702886543141797,-0.0009243904783060586,-0.018299288912164258,0.1499999999999999,0.018455110320132917,1.5798739865907108
2018-06-12,0.026216958429980508,-0.00864880428793402,0.021819963041715518,0.005367308768641443,0.004182856412407954,0.013747472930353055,0.02078058110503811,-0.0048504541337495155,-0.0024617626412215543,0.057519498641745326,0.11977719226768935,0.012065103982695113,62.69208593315164,1.5315165613959607,8.085638405672386,8.200324438091325,3.367005376743642,-0.0018514426616045299,0.01273908621026365,0.040000000000000036,-0.15399706187812257,1.332607895058709
2018-06-19,-0.03987006612734323,-0.004451705280017926,-0.020429281883449946,-0.0018162010077773516,-0.01835466000678987,-0.008743280239450257,-0.024811682201955065,0.0786703663690167,0.026216958429980508,0.09855029412212213,0.10664431021448761,0.13819999014200945,57.85190959535224,1.1097975628660919,5.902768083639356,8.1613010098923,-1.3015071393975135,-0.015171256381814047,-0.019630865702894518,-0.06999999999999984,0.014070563602688324,1.2891441868226672
2018-06-26,-0.014531871140776254,-0.017805997776269678,-0.03406909091601573,-0.0009093389732734991,0.005375746430709483,-0.014412397529086185,-0.017030698671366196,0.17605979556997875,-0.03987006612734323,-0.016114870338584275,0.02324116459752812,0.11198263635392758,47.58932517894307,0.5372179949315523,4.419576931065458,8.137438544695668,-2.2011827967046305,-0.015006995456444905,0.08057452509558338,-0.010000000000000231,-0.0992860300984546,1.313237031562983
2018-07-03,0.04824913483097326,-0.0003027538143909325,0.003516818970504154,0.005624617931077935,-0.005223920726326159,-0.0036201265373962954,-0.004469451347452136,0.013724482425565565,-0.014531871140776254,-0.028184978838138974,0.02933451980360635,0.09011067667119477,48.64221177465365,0.08160010939448625,5.19334765115576,8.242976108244283,-1.7945773408499317,-0.0039869282517353,0.04991705557765158,-0.04999999999999982,0.10080890832565537,1.3401555058750925
2018-07-11,0.03477172906189541,0.029152033393993193,0.0377536783786212,0.00882650060709711,0.005072886139118715,0.022161410239765367,0.021509866488193197,-0.16902741713336145,0.04824913483097326,-0.006152802437146221,0.09239749168497591,0.11318183386727476,59.589926596697715,0.5518208625958607,5.276867954698314,8.273067432210675,2.926945085943289,-0.007055775480750093,-0.052046096621764626,0.020000000000000018,-0.04267337996614451,1.1967675871797385
2018-07-18,0.05066056363277127,0.030325568956945936,-0.002902104925578186,0.011589681299615684,-0.014529942588917488,0.014884954336342737,0.01999435742583522,-0.11906779310574578,0.03477172906189541,0.06848899275209241,0.05237412241350814,0.12180954572258296,65.12596720749823,1.4242301952432257,9.990557293434465,8.456876109894326,6.128199049175827,-0.013365392222276284,-0.023286881285829786,0.029999999999999805,0.16685590368401115,1.1422405639736035
2018-07-25,-0.03424089010079889,0.05289531604315556,0.014426572594861575,-0.016083263049814,0.007633624855071186,0.010756609280962337,0.008488318596374,0.015580470975248062,0.05066056363277127,0.13368142752563994,0.10549644868750097,0.2252736409551903,75.39627837808601,2.113229226486297,13.808305104066132,8.92686126473738,8.67818358439684,0.004150207717955823,0.00782273865019345,0.06000000000000005,0.1066000352977099,1.2237296225284036
2018-08-01,0.02272453579509559,-0.04192065306670312,-0.021509017771643713,0.006285375814960581,-0.002283975107830516,-0.011559596721470555,-0.003163876153648104,0.06763583504582993,-0.03424089010079889,0.051191402593867785,0.045038600156721564,0.15168291037120918,55.86787868511568,1.6013321685307034,10.532716097404936,8.780726726367014,1.1035105499916522,-0.01102366916427755,-0.023949732755029096,0.06000000000000005,-0.06843738281944489,1.356220868433364
2018-08-08,-0.02334924066421351,0.029756032853546444,0.023348630573717166,-0.0068259650703996755,-0.01846206283973545,0.01563760692082994,0.009817122351504892,-0.192256678637305,0.02272453579509559,0.03914420932706797,0.10763320207916038,0.1308743666766885,64.55267606861236,1.6198243320775987,6.815546653093878,8.8089477240458,-1.2090930326509315,-0.004361289635115284,-0.010698485222996545,-0.040000000000000036,-0.16464673673142372,1.3460628158473933
2018-08-15,-0.008533133967349116,-0.013013989537521198,-0.009750053631476518,-0.0030688714400444184,-0.015255527624962406,-0.013858401837622658,-0.016606170103125706,0.2995924285466973,-0.02334924066421351,-0.03486559496991681,0.09881583255572313,0.12815035235932948,55.358296375110875,1.3622254402485936,5.845467972956282,8.718738913089334,1.6882976729127641,-0.029373247613408537,-0.029255595178334204,-0.10000000000000009,0.01982099300454898,1.571712077827706
2018-08-22,0.034511047039602616,-0.005588848439366245,0.009199428453083414,-0.0007234581614152802,0.017582011807305897,0.01529908242361877,0.022446316794832555,-0.17823157154242963,-0.008533133967349116,-0.009157838836467036,0.04203356375740075,0.13443105544237666,52.438316067040425,0.6980379085770352,4.469074880449902,8.583927243884053,-1.843087318192925,0.01583995410223782,0.04290563127395419,-0.040000000000000036,-0.031478183382755986,1.4896955213600132
2018-08-29,-0.06590528632652681,0.04528813210111071,0.015711722854831578,0.011334114315881827,0.007408584588408984,0.018082648440119975,0.015078719816147057,0.0,0.034511047039602616,0.0026286724080399893,0.04177288173510796,0.0941470041486161,69.1033659980867,1.1239129905583667,4.880448197420408,8.678047542839261,4.049783244326313,0.0068310420621156,0.024023889494740658,0.07000000000000028,0.04754252463274078,1.47492943296788
2018-09-06,-0.0015636993025713863,-0.02971783884795176,-0.00782485382447451,-0.002702217461263423,-0.0049363771663442635,-0.00798733477889968,0.00034434473749556105,0.07953089328037954,-0.06590528632652681,-0.03992737325427331,-0.07479296822419013,0.03070348046331084,51.274430757420255,1.05110205861898,6.653397680472656,8.490641830499365,1.5692141853889512,-0.005494498936922554,-0.025351088231293062,0.020000000000000018,-0.09686326871599249,1.5637878266990108
2018-09-13,0.007945299074332723,0.03763144992308387,0.017336455961551422,0.009425986572965783,0.01313534267760641,0.009038097022647129,0.005758153421664858,-0.16916614905867977,-0.0015636993025713863,-0.03295793858949558,-0.04211577742596262,0.002922822730758945,64.87573853433906,1.1020732768225798,7.57723924023664,8.664197222479283,0.7945006457561736,0.0034167919771492805,0.012027128506119311,0.0900000000000003,0.04573086656691494,1.572656999114326
2018-09-20,0.013164509904881605,0.005828288051378472,0.014661571439420484,0.005879749678654456,0.010098411620920233,0.009107284457072318,0.019355197342596497,-0.04717465493277739,0.007945299074332723,-0.059523686554765476,-0.05689501414672549,0.0507381879324349,61.8571006859935,1.2912844570209927,6.75237306634607,8.755790348187139,4.44179430836015,0.0034880454407799633,0.031712345683669874,0.09999999999999964,-0.0036026231105648066,1.6885063096055313
2018-09-27,-0.025407944680771344,0.007369139261044211,0.002313073263023213,0.007080928860276892,-0.010098411620920233,-0.005731655196787422,-0.008175662538311812,0.05040306774489656,0.013164509904881605,0.019546109676642942,-0.02038126357763037,0.07843456897809276,62.66144387518756,1.4624853420239248,7.110521606849717,8.798868627533343,1.3284897727507337,-0.020013146367597656,0.018472392615018762,-0.009999999999999787,-0.006751408878129084,1.678506389169331
2018-10-04,-0.07617200361286969,-0.01426087453273528,-0.0012548586813885265,0.00360963547275972,-0.0068918260379213225,-0.004260952417982189,0.007068397755521261,0.1361468251585789,-0.025407944680771344,-0.004298135701557015,-0.0372560742910526,0.00477748946634815,51.33714294605737,1.2582271233535067,6.661880875315187,8.720840312372374,-0.6868041725292208,0.012523721024938261,0.030183226952713582,0.1299999999999999,-0.0038349983783554364,1.7970236929105685
2018-10-11,0.0065520599860455775,-0.06293802695268447,-0.08471302763772481,-0.01353703485486335,0.013660684828847192,-0.061561394072265685,-0.06095697003003764,0.563426080322337,-0.07617200361286969,-0.08841543838875943,-0.1479391249435249,-0.10616624320841694,32.45137933722343,-0.39709290725886603,9.1325782464225,8.734967358337617,-7.429428894700189,0.021730147689452473,-0.046257393634168587,-0.04999999999999982,-0.05171747221278089,1.3219441926154438
2018-10-18,0.00516015613030163,0.02416060347536142,-0.06286145307395508,-0.0013370773485519294,-0.010055695306255275,0.014702428684289615,0.012952996242971082,-0.21934772216364218,0.0065520599860455775,-0.09502788830759545,-0.07548177863095251,-0.15027474685514264,44.09392752637745,-0.6308009713808644,10.715896551229665,8.965719286327849,-3.8035203900628574,0.0024489808158181248,-0.03323611529624859,0.029999999999999805,0.029889274529512733,1.4313325159808221
2018-10-25,-0.01608571651416213,-0.0018452234319603633,-0.031909603560306365,0.003828181839630851,-0.018078366277670566,-0.023094178979891744,-0.015682157617165515,0.18845095559115688,0.00516015613030163,-0.06445978749652248,-0.0687579231980795,-0.11087370062404212,47.24764233373272,-1.1611454667572474,12.288980340649598,9.245121367415566,2.256623060341587,0.0021175896590248655,-0.01941522468849488,-0.029999999999999805,-0.0019898849282498077,1.6368186978951806
2018-11-01,0.007933538438116727,-0.022220911626374296,-0.07912672145914623,0.0022189686466926872,0.011395030473150103,0.01278033679255941,0.01573298485009289,-0.2250032480997981,-0.01608571651416213,-0.004373500397814922,-0.09278893878657435,-0.14968395293329984,44.99166189131836,-1.4613431689062253,10.079311551780993,9.177972894981915,-2.3778854819442032,0.005598184660066785,-0.055578386931256496,0.0,-0.0159590918016832,1.5204838772806537
2018-11-08,-0.021776913066086312,0.05358009182735213,0.06720496560621125,0.009529764170688182,0.010885504191538165,0.02396278488749992,0.03143362142224149,-0.14556988236859292,0.007933538438116727,-0.0029920219457437724,-0.09801991025333923,-0.1184011738309696,56.830247732745356,-0.281498386296434,9.452311101089347,9.259259659085318,3.185605960126873,-0.010655251858240788,-0.04857823104751624,0.10000000000000009,0.014430307936997622,1.5382344472127483
2018-11-15,-0.038983439883439,-0.03651137202353549,-0.015848709015141793,-0.00360709492409228,-0.028380021826416746,-0.027680866080482147,-0.0350440449986511,0.1781261655638522,-0.021776913066086312,-0.029929091142131714,-0.0943888786386542,-0.1316449529297068,48.90967862620823,-0.48381422447656064,8.855424852011895,9.12618209296259,1.7215222753987731,-0.008293331010631455,-0.07191690516380511,-0.13000000000000034,-0.12643083842916525,1.544949935307372
2018-11-23,0.07438857329501092,-0.04003376315826923,-0.03562358269096233,0.0006205949044435499,-0.0027297915013299867,-0.03863892231281252,-0.045371517236432624,0.17086329060659278,-0.038983439883439,-0.05282681451140858,-0.057200314909223504,-0.2051394398527484,42.15484049423897,-1.1721606593326328,9.61260308012884,8.68660495922488,-7.368889587481739,0.006738418961941051,-0.11314452116610507,-0.03000000000000025,-0.2574501407468883,1.5539864739570823
2018-11-30,-0.052230330238845823,0.073130415223023,0.058659786790633994,0.0062729365922251645,-0.002502347255081111,0.04733551524606039,0.05028755738378621,-0.17472963068944614,0.07438857329501092,0.013628220345485609,0.010636198399741836,-0.06484558023121068,57.48293535851264,0.24373745288698956,10.458930550151162,8.769602009359193,3.365043886262532,-0.0006554554094462262,0.010064261444842515,-0.040000000000000036,0.001818454994834795,1.5614422082878798
2018-12-10,-0.026487575693142862,-0.03021110228888446,-0.0255919869173864,-0.005121423997648478,-0.014545711002378725,-0.05625929588209466,-0.05586242926745655,0.320000863706948,-0.052230330238845823,-0.016825196827273903,-0.04675428796940562,-0.11551221116748511,49.79481467608562,0.18517449957789722,10.403625152558448,8.748624704409838,4.385366596307157,0.019076028698063574,0.0013734858357490332,-0.1299999999999999,-0.06929903290810024,1.5063900477544838
2018-12-17,-0.04077534827373164,-0.04466703442520803,-0.04241275679861278,0.0,0.003814978399000607,-0.03541497416695538,-0.0345867467509553,0.0797708577330285,-0.026487575693142862,-0.004329332636977767,-0.05715614714838635,-0.1499450859349607,40.94498303281873,-0.2315175940089489,11.067543614405201,8.678170601647137,-7.214344891264236,0.002970636264659987,-0.022205490498792724,0.009999999999999787,0.016754579625210653,1.5179440704148617
2018-12-24,0.06868612218821335,-0.08898376674029329,-0.07630996119354094,-0.016243105893156695,0.00593191916184424,-0.07961662973409833,-0.07939710255028132,0.38597238384743715,-0.04077534827373164,-0.11949325420572032,-0.10586503386023471,-0.20388494411357394,29.476156984049098,-2.0846928483434226,16.70134316528599,8.459225176000958,-12.510447623555422,0.015985051801356676,-0.15941046166215722,-0.11999999999999966,0.0850781379331309,1.5110515275775174
2019-01-02,0.025250146287053354,0.07163110934125161,0.06861482289714171,-0.011198733142118833,-0.0061723706289370794,0.01700816252459969,0.020240523849698988,-0.2697575254195277,0.06868612218821335,0.0014231982213388505,-0.015401998605935052,-0.10979087724458925,44.63566269482742,-1.8273557529850137,16.974267654473067,8.500256986877764,-1.7202967131549896,0.010594566431395336,0.09010249698260786,-0.1499999999999999,0.004954861986787407,1.4646769714043293
2019-01-09,0.007240465677454289,0.030675433865754442,0.04646885044849469,-0.0077206265860398915,0.013090637216259776,0.029415328689355036,0.02256849361284452,-0.15028220304933804,0.025250146287053354,0.05316092020153507,0.0488315875645573,-0.008368727344666205,51.98767515522184,-1.0863829044916145,14.506381925193889,8.551835666276608,10.772298464377208,0.00645845039186721,0.11783077515254448,0.08000000000000007,0.04500405805364771,1.4503216467180806
2019-01-16,-0.0050701750062915885,0.010589320327118124,0.007675789280391143,0.0042353437770774605,0.007648519296674344,0.01197462521118453,0.013644020246882604,-0.048189743857188105,0.007240465677454289,0.10117673415272099,-0.01831652005299933,-0.007680321653257494,54.36262174008569,-0.2508867745742833,10.33540474663855,8.291326466296267,4.212797677619731,0.0017822676933336723,-0.0009553690630741407,-0.010000000000000231,-0.008814277100439583,1.419206640860901
2019-01-24,0.03791594478739002,0.007751444399161755,0.08590764252734662,0.006492044929135687,0.00670083764267243,0.0024136616565249014,0.007486850058079142,0.04493313352457884,-0.0050701750062915885,0.027420436958216055,0.028843635179554905,-0.017910652789850712,54.54688161708448,0.5924545294990509,9.870892403358503,8.154881889117933,1.8509989539314418,-0.009725054463494587,0.0155541769312042,-0.029999999999999805,-0.03485011485003753,1.4291914996033717
2019-01-31,-0.017905298965249727,-0.016806934404072216,0.014160469516101948,-0.008052752154357634,0.008256296422076148,0.023108036070588867,0.018018803688477192,-0.13103885007494664,0.03791594478739002,0.04008623545855272,0.09324715566008779,0.03609100851170144,49.59224216803007,0.4007782527749697,9.046901664750068,7.989915279684472,-0.9014612536853196,0.031247714504930357,0.012345832738893225,-0.0900000000000003,-0.04098662549281329,1.4064685793508018
2019-02-07,0.020841005356667885,0.008011208919741719,0.002391221756487205,0.007870453366139785,-0.012949876384699188,0.0007208672899796653,0.006771511168361499,-0.012143440055428112,-0.017905298965249727,0.014940470815848705,0.1161172049685697,0.010252171108334984,50.888381647969105,0.41113441351667745,6.063353657428632,7.88811099065152,-0.8757156255220999,-0.007835365371151148,-0.021611317883314385,0.020000000000000018,-0.03514227407296744,1.385500564025614
2019-02-14,-0.011256959924193843,0.015365551113668552,0.02440138498749711,0.008893787637540562,-0.013432400417905915,0.014556970640058786,0.010664624247581855,-0.009205342695776775,0.020841005356667885,0.04085165117880818,0.06827208813702423,0.05287008953108918,54.553751843817274,0.5539305809505777,4.832410359886637,7.917473521632078,2.3652138117348565,0.00030545541080240213,0.03307168227118806,0.010000000000000231,-0.01490755496646301,1.3551695457587605
2019-02-22,0.02822161052024086,0.04162744966376053,0.020092829697856196,0.0014463933094743808,0.016201557904897246,0.0061311874150558054,0.0057232103943789525,-0.09860197680453986,-0.011256959924193843,-0.008321253532775685,0.031764981925777036,0.08059656949033434,64.76857275759835,1.2054560463374457,7.5863128234868435,7.998053382928586,5.864840065378907,0.014702729682444904,0.05105431266346594,-0.010000000000000231,0.08643866310633896,1.4030897679265748
2019-03-01,0.0012617885192973688,0.013960076277695244,-0.00035913626491890227,0.010692406105038188,0.011792140904377357,0.00393827925415291,-0.00021091806487838483,0.004431321874670324,0.02822161052024086,0.0378056559527149,0.052746126768563606,0.034429606715564276,67.34535684024593,1.931395974467577,11.11698982281013,7.962685758266019,5.716154208243652,-0.024986009645875384,-0.025828414642376174,0.10999999999999988,0.012817953338471355,1.377843265413641
2019-03-08,0.03446944030436594,-0.01811395858509446,-0.029970564631641494,-0.00699554422371218,-0.016163816386972563,-0.021858675578424247,-0.022383160468418595,0.16784737572924735,0.0012617885192973688,0.018226439115344384,0.05907809029415256,0.08792172547370747,56.94299914490411,1.5308008855441528,9.579869684290173,7.772199222881377,-0.4145266871584509,0.0004626942168526327,0.004827048978301995,-0.13999999999999968,0.013927346993726886,1.399491743955558
2019-03-15,0.01447095977662638,0.047707945593518986,0.03162140105420175,0.0041314950091715374,0.020390237772553832,0.028538199965792543,0.015541713058420115,-0.2200331288998174,0.03446944030436594,0.06395283934390417,0.05563158581112848,0.14887874147121627,72.25215106650765,1.962859415069687,8.073958070487544,8.076514525423814,3.0036240947446973,0.0036940543300039153,0.042767679281451976,-0.03000000000000025,0.002353559726129717,1.380227942605046
2019-03-22,-0.025800986727420927,0.009787332535926119,0.00014347932604419356,-0.016356032627513173,-0.004453341699705016,-0.007742974633905497,-0.013497457847817529,0.24647180380511813,0.01447095977662638,0.05020218860028969,0.08800784455300459,0.2041250495215743,63.95942152696685,2.5377549706759766,9.569817043392401,8.238952636141473,5.918026933079834,0.007499787710091077,0.008846611824847805,-0.1499999999999999,-0.0003132591129784146,1.3767371134653714
2019-03-29,0.028942712109005342,0.007574789750328215,0.011762538501089104,0.00834699094114999,-0.014247317297518713,0.01195731810319689,0.01658026355057629,-0.18402203090710234,-0.025800986727420927,0.023139413353571392,0.041365852468915776,0.10963794060594001,64.1372825161956,2.1057924789999163,9.794340310524255,8.239260953787928,1.7513720013294893,-0.014282647584681563,0.018459971612420745,-0.029999999999999805,0.018769320871616202,1.3704792551142706
2019-04-05,0.009267994445385064,0.016398518111707006,0.01533208476366621,0.009263072664031036,-0.0016895787753301028,0.02037387528105139,0.018960461358064506,-0.06711904208169939,0.028942712109005342,0.017612685158210795,0.08156552450211496,0.113330506427892,67.45537535499508,2.0957279153197277,7.046721129647087,8.238010017200775,2.4262977757025097,-0.002012833041095341,0.04772862371079967,0.08999999999999986,0.20444313671664283,1.2942868162610934
2019-04-12,0.025060882851006383,0.008802771184018177,0.007440005999325372,0.0025926437123375834,0.005824663923133133,0.005058500653204234,-0.00048034258547424713,-0.06526681540063173,0.009267994445385064,0.012409719826969479,0.06261190842725917,0.11535803519582277,68.95993601435163,1.8878389081892806,4.35582147520328,8.148964337622607,2.5521526255871048,0.00015494085414591297,0.012759053938752096,0.06000000000000005,-0.021259213447349268,1.2069118451347465
2019-04-22,0.0332900106249614,0.022967175110953697,-0.038558690251978334,-0.0005358578318803708,-0.009353027397253244,0.000822217108185086,0.004774677466237165,0.008084118399958928,0.025060882851006383,0.06327158940539679,0.08641100275896818,0.14548909305312074,75.94146257142143,2.0233625389882093,6.115377897094351,8.275516589292142,3.2279998148264553,-0.013338192165396556,0.027936033979583996,0.040000000000000036,0.027684248358072594,1.1255839757804578
2019-04-29,-0.0825802484562006,0.04741911801716814,0.0011514071275096072,-0.0012514527422151644,-0.004554761415864583,0.011984419629879284,0.0016334552068748565,0.054067221270275745,0.0332900106249614,0.06761888792135284,0.08523157307956364,0.14086315889069212,83.37645175154366,3.1079599801603734,11.553179905127081,8.791947381771282,7.292256382590624,0.003996694818743762,-0.03405897314202733,-0.04999999999999982,-0.040616058466591554,1.0922652971951332
2019-05-06,-0.04882415188861522,-0.012562251267572933,0.009519547614391222,-0.008443416729339681,0.012991688283364333,-0.0035945915651627303,-0.004374557741259721,0.1635862468210214,-0.0825802484562006,-0.02422935498023282,-0.011819635153263341,0.07618820939974125,64.45333828105123,2.809200588868407,12.33434516529764,8.806843316911857,3.5471487792450116,0.0024215734011461265,-0.019881370553829214,-0.03000000000000025,0.061746096154738694,1.2763914704719044
2019-05-13,0.007075162497571341,-0.03817529823683419,-0.05414614156285502,-0.015270247638047074,-0.010132887804378099,-0.04199532887534563,-0.043028869409457826,0.2858993963456138,-0.04882415188861522,-0.09811438971985442,-0.034842800314457634,0.006523052154458142,47.470920009583644,1.519244545258374,9.231594516787633,8.587362342016617,-4.947189562895451,0.014253882150118358,-0.019629133369805096,-0.10999999999999988,0.26720265230680873,1.3134512391138171
2019-05-20,-0.004465442494938188,0.026695247782400067,0.02776483813563324,0.0071187669434333856,-0.018926535596021976,0.010035292370634608,0.013916929465244365,-0.23108252430932152,0.007075162497571341,-0.12432923784724448,-0.056710349925891634,0.024855174576223327,54.00308986147036,1.3686986079285646,6.261209584116964,8.808169507452629,-1.141440611545554,-0.018632633181367986,0.033191343390239325,0.010000000000000231,-0.028037701317179753,1.3864508863961897
2019-05-28,-0.07758510226598547,-0.0004755304163550633,-0.03509635467795391,-0.010086868202900945,-0.00621682112439087,-0.02187231499824449,-0.020676538114678067,0.157489581092773,-0.004465442494938188,-0.046214431885982066,-0.07044378686621489,-0.00783187843895572,52.82944709583548,0.973092055912204,5.212141594180738,8.664403703541375,2.6566478178794015,0.0003134250733864974,-0.06481324126137267,-0.17000000000000037,0.10105264362975142,1.3010099476851402
2019-06-04,0.024866336521514487,-0.024066507740958087,0.01694884513993422,-0.010928066878388876,0.0005524208008536313,0.000313968384536345,-0.0006152334598503728,-0.030753801683333748,-0.07758510226598547,-0.07497538226335232,-0.17308977198320674,-0.08667876922423856,46.222538090949726,-0.14210007561828775,6.323418732694742,8.474477929606474,-2.4243330956139424,0.03608224334440546,-0.10059976042966579,-0.13999999999999968,-0.07636982995093788,1.3040514988715943
2019-06-11,0.02213895737737026,0.07007469779072384,0.024271600677010063,0.0020293337837866687,0.003858424409650729,0.028987842638564132,0.027885044600710174,-0.05948355240027192,0.024866336521514487,-0.05718420823940917,-0.18151344608665365,-0.09628187300709001,63.22552969667889,1.364972554139186,9.36679372590924,9.033498724590832,4.708298658358855,0.002264322761345916,-0.00393441415203144,0.029999999999999805,0.013421493858411182,1.3577869287448694
2019-06-18,-0.016107411824607176,0.022900063314462038,0.0031579662620329074,-0.0011986539630726156,-0.01400838070933505,0.011038335762420637,0.015882940542574886,-0.053962994890484506,0.02213895737737026,-0.030579808367100725,-0.07679424025308279,-0.08861387540634613,68.16026958900696,2.1782536028003108,12.340489463416201,9.079640632439835,9.743403689632283,0.015114355193738938,0.011757176702211769,-0.08999999999999986,0.0983700435319399,1.4033036357357327
2019-06-25,0.022744579238633378,-0.01288226979183893,0.014413856516054757,-0.013654942556940775,0.01377257799651127,-0.00012681808305714526,0.0031191927165803435,0.07193682861901607,-0.016107411824607176,0.03089788207427757,-0.04407750018907475,-0.07892030050353238,56.96245450953789,2.649896075744323,15.48847246150437,9.047852025112844,1.0068139594562753,0.04947599547585213,0.07037719760844663,-0.06000000000000005,0.21318280528195288,1.4594268326129922
2019-07-02,0.025126562176064127,0.02333370842100102,0.013353589732304272,0.009865133519422642,-0.009636725445581196,0.018888954388820878,0.00894204691263667,-0.2303871677906284,0.022744579238633378,0.028776124791396462,-0.02840808344801271,-0.08511843337390435,64.02916045973706,2.146385636910182,8.74006366213488,9.142582381674135,1.0506245684985154,-0.007306327113465905,-0.027701662748309985,-0.020000000000000018,-0.03467600958145667,1.4548271477621884
2019-07-10,0.005096972438122016,0.009255392585560074,0.0017812048542857895,0.005548377466467969,-0.004865413386550499,-0.0009183672411019472,-0.003931176128130431,0.03594136853459773,0.025126562176064127,0.03176372959009033,0.0011839212229896035,-0.06925986564322528,65.22992617979747,2.0787623518984333,5.838777615224705,9.022372789806202,3.3125941604408538,0.003908059186059631,0.07167963433900848,0.10999999999999988,0.1019298828048818,1.4395993266021414
2019-07-17,-0.00613178911664658,-0.011527589731795906,0.01833999768858874,-0.0031402999853025193,-0.005532184885071928,-0.0028941933948711807,0.013300849470452292,0.06965778213211671,0.005096972438122016,0.05296811385281952,0.08386599592709709,-0.08922377605610965,55.257399274815505,1.7682065413907253,4.6409108196399,8.979306873295261,-0.2269617660370405,0.007911373570043345,-0.06230154587753489,-0.009999999999999787,-0.19796660019723689,1.4066035946188227
2019-07-24,0.06658297167611149,0.03213354809356872,0.04750129361281097,-0.00018503099321875993,0.004812328825192419,0.011705702300629284,0.001839610192677199,-0.14618913815943024,-0.00613178911664658,0.024091745497539563,0.052867870288936025,-0.12864557579771763,68.81470080717301,1.659044601685423,5.105439196619762,9.33950633242047,2.0819726898862236,0.001054815293115574,-0.015977576042796038,-0.010000000000000231,-0.07069931717267863,1.3791250991672859
2019-07-31,-0.035331930685178925,-0.03213354809356872,-0.012002837007378808,0.004615534825361145,-0.022494677763440718,-0.013060316241675807,-0.014988945836831746,0.2893377019690422,0.06658297167611149,0.06554815499758693,0.09731188458767726,0.020517644334594465,46.87867935493206,1.442086822002267,4.829568997794724,9.132131102096913,0.0,0.002316633230627474,0.047186819153715476,-0.029999999999999805,0.021580809104682075,1.4490580188347395
2019-08-07,-0.009965266974455211,-0.007291752408483454,-0.06356738090252723,-0.027639481198517224,-0.005086564416918488,-0.03287952458036614,-0.03242872677602371,0.18984077644098685,-0.035331930685178925,0.025119251874285986,0.0780873657271055,0.03400986553803076,46.43969040217898,0.10452769077764401,6.668538868225074,9.159519507336999,-3.8658236944428506,0.05537657458765288,-0.1368045863275671,-0.31000000000000005,0.12695428670294717,1.3243556858791385
2019-08-14,0.02320296557648671,-0.006331498579581485,-0.04644718137050319,0.0016082497198954826,-0.007430068029716019,-0.015155987121006298,-0.020497356640477804,0.1256760950042377,-0.009965266974455211,0.021285774016477355,0.04537751951401692,0.016969436066004207,45.23615947293444,0.03629056727342572,7.027332769034975,9.146823801966223,-1.353087446962247,0.005689334860384143,0.0779174892954253,-0.11999999999999988,-0.165676779387244,1.2861756751075983
2019-08-21,-0.015076297186326748,0.03527087751608171,0.022599788068674798,0.006876763947048836,0.006113195411427519,0.029084292434082393,0.02799253631850185,-0.335567668490786,0.02320296557648671,-0.022094232083147425,0.0434539229144395,0.044637844137429106,55.04429262536389,0.2851265625111239,7.076506585683743,9.188415391503808,2.9362191552905372,-0.00748227217145736,0.008114745882270569,0.0,-0.02303968772980447,1.2066908567535526
2019-08-28,0.032224845134177116,-0.023547520110293263,-0.011160669580920768,-0.00621529451588998,0.008692141647140467,-0.012556144707478012,-0.006379567273519626,0.2026824794428701,-0.015076297186326748,-0.001838598584295248,0.023280653289990738,0.10714664921708783,48.521124663965786,-0.11707545972953426,5.610472515892071,8.972641947200321,1.179234528649987,0.021825789450174327,0.0017943388080476907,-0.1200000000000001,-0.06485055544020213,1.1956467660723162
2019-09-05,0.01861819452677782,0.03258549440324732,0.060004050922191965,0.004309947644207668,0.011412857228226325,0.017429236340609222,0.013784254538345309,-0.0943598485144217,0.032224845134177116,0.04035151352433708,0.061637287540814434,0.11450515782975046,57.46320300379488,0.4083756176211182,5.208161999958121,9.045398366528438,0.9078940105592577,-0.014673408742102545,0.009279161279223125,0.07000000000000006,0.09359096364364916,1.2059197883836044
2019-09-12,0.0030559364323332616,-0.018230067288055096,0.018623895052393813,0.009398477965361529,0.0016198270327258402,0.011217094442028674,0.016854227338436445,-0.13467349685585184,0.01861819452677782,0.03576674247462819,0.013672510391480763,0.11098439497915802,51.59422505992171,0.23883430030826958,4.878853860907652,8.808410883475291,1.445896109059943,-0.011081413537281648,-0.021726307339903883,0.21999999999999997,-0.010238152702152448,1.1731735609886003
2019-09-19,0.002853635299319812,0.02548685158081998,-0.0045363528619173366,0.0002778163651706578,0.009984783814263237,-0.0009241468920926366,-0.003230085988763065,-0.012027028595339662,0.0030559364323332616,0.0538989760932882,0.05206037750899295,0.13014774323609846,60.09727178992442,0.5195238314494759,4.938731762759599,8.886190241256822,0.7283178559105213,-0.0002001446473309798,0.053713685833436386,0.0,-0.008885990211275896,1.1816619059971254
2019-09-26,-0.043482304833665,-0.01090519403661272,0.004048625362918834,-0.003060233296594106,-0.01111838717452504,-0.009748740818575463,-0.007545337895741966,0.13433178396966605,0.002853635299319812,0.024527766258430894,0.06487927978276797,0.11025679929678489,54.883879488606944,0.6135618316044145,4.008207841979737,8.910610823004374,1.468848853865164,0.006054761178041268,-0.03003545504094962,-0.09000000000000008,-0.21035180687724164,1.198003676345154
2019-10-03,0.016708039100580052,-0.023639841702467024,-0.010715501886854994,-0.008487669291302069,0.0038005948792595723,-0.022754771105071292,-0.02599701594910009,0.17378072787383436,-0.043482304833665,-0.037572733102011924,-0.0018059906273837356,0.04164793228705577,46.78435127087674,-0.04271207210740613,4.391100895897345,8.837772520357264,-3.395516783619855,-0.00026539137507519683,-0.07278609565856531,-0.15999999999999992,0.0017057107685545247,1.2026142454356463
2019-10-10,0.035198834042384775,0.020481770268776955,-0.006286303316233699,0.010714221839318583,-0.0006458905440108187,0.009403771963256702,0.011219960083163727,-0.08454200542424939,0.016708039100580052,-0.023920630433765133,0.029978345659523065,0.0532589989495138,53.87221575344783,0.056039539781750136,4.342919388635793,8.924738847738348,-0.31530899714179916,-0.008194806949614275,0.020755433258182965,0.1299999999999999,0.051986112366275705,1.1879150001453858
2019-10-17,0.005024108679227979,0.0042324611211670415,-0.04990336049657085,0.005544788256473865,0.03733344203095454,0.020155397195749103,0.01977586071842019,-0.24224921039379543,0.035198834042384775,0.00842456830929983,0.03295233456773072,0.09458962210854516,53.7546926452806,0.6324714800582854,4.766675124793847,8.895462078101344,2.502215950909186,-0.0016738646191836182,0.007071132361351928,0.09000000000000008,-0.0283033401024948,1.1874622709890836
2019-10-24,-0.00024630168010730813,0.0017881653083060556,-0.0014161094386189177,0.0010132179745827585,-0.0033511312193520715,0.004107697878662719,-0.008186715922764876,-0.0058181982309872815,0.005024108679227979,0.056930981822192805,0.01935824872018088,0.033030759111661645,54.40252204954314,0.20605140041382697,4.899699569170474,8.999835568214934,0.6038786828140957,0.004412935367068549,0.04176349915532063,0.010000000000000009,-0.06397610730423153,1.1952779058067797
2019-10-31,0.03752980202725631,0.024214910741013895,-0.0025391892433797025,-0.004891339178587195,0.010019890425173011,0.009018141923194278,0.008939414530633627,-0.03639465915068296,-0.00024630168010730813,0.039976641041505445,0.016056010607740312,0.06811638811673326,58.88389886473786,1.2919898683747135,7.144793963190583,9.2136743108792,2.6344105553674786,0.008304867715359876,-0.03713857187361791,-0.08000000000000007,-0.004921537059088266,1.2717259993915817
2019-11-07,0.0016893410831348987,0.006188532662751989,0.04092361366839903,0.012229475207568008,-0.008537773066612714,0.0155554409367884,0.022974627784474677,-0.03776942185422527,0.03752980202725631,0.04230760902637698,0.05073217733567681,0.11561145711844478,60.0805603869469,1.5812676524695348,7.596718222943864,9.074471015212668,3.087034791118049,-0.03172740487534309,0.05336757465078579,0.22999999999999998,-0.006148404845166766,1.2443829933975505
2019-11-14,-0.006905777651003753,0.02600055891403752,-0.02716503253227298,-0.0100115646782033,0.0038898446433301703,0.003704420903837047,0.003864637363353296,0.024826721199387336,0.0016893410831348987,0.0389728414302839,0.0959038232524767,0.09409783262509297,68.78231863478328,2.0743290234148617,9.583555658967072,9.108266746098133,3.2712764128577057,0.005177189803733384,-0.006671391694249351,-0.09999999999999987,-0.012040922868120418,1.2516402221502363
2019-11-21,0.003033348516235712,0.012941885591957636,-0.0011945414961136436,0.0018445085004472617,0.0027913486372705965,0.0022289720639676602,-0.0005641942065022221,0.006111554546002651,-0.006905777651003753,0.032313365459387455,0.0722900065008929,0.10226835216041597,71.1213032933215,2.546360849530089,7.746745520236593,9.084264084535556,3.971064086847624,-0.005928718970700686,0.031385347410808784,-0.050000000000000044,-0.11226276862821472,1.2517013366389698
2019-11-29,0.026708608979273407,0.012630662584405705,0.00454734171699922,0.007334772041705406,0.008537773066612714,0.009818883705039028,0.006286426399626066,0.022436838635825573,0.003033348516235712,-0.002183088051633142,0.04012452097474384,0.07307685554247456,71.21729673080853,2.6688693009592726,8.117111468338067,8.98258802332473,2.5902330913960214,0.0017072425642128408,-0.0599740785619014,0.010000000000000009,0.09641047476584674,1.2603137407922798
2019-12-06,0.005569314415070359,0.002440784168824983,-0.009190475306663615,-0.007426797993089096,0.014425171487454536,0.0015683433336750596,-0.0012966753602690062,0.07625644360829886,0.026708608979273407,0.022836179844505367,0.061809021274789266,0.08116726999497015,67.66099199166712,1.9630400936346746,5.259649036050474,8.8878704398856,1.518559373930187,-0.0044449077240971135,0.07050226068242971,0.06000000000000005,0.016392289088841494,1.2100122074814075
2019-12-13,0.003224338275328087,0.018154021282074773,0.007403822580042352,0.005689654699103208,0.016770297852324922,0.0072497708545746775,0.004285636378147828,-0.07546436435896631,0.005569314415070359,0.03531127191057948,0.06762463736996693,0.08368064797770725,73.65959038690886,2.002326925165619,3.7449421882918688,8.947017841348178,2.0808341850919994,0.011244879639642491,0.014588989004283626,-0.020000000000000018,-0.039732886194503436,1.1594170108149469
2019-12-20,-0.008554647158998563,0.01846546316302433,0.010229873912479093,0.0015544281463917287,-0.023726714698280138,0.016407202460667847,0.011299195835954734,-0.00954661188358008,0.003224338275328087,0.03550226166967185,0.03331917361803871,0.08405135095371552,75.77412132523703,2.3709930983699508,6.000923977582531,9.12791924364037,3.7298237617858248,-0.0006101240309970279,0.0061405709012456455,0.09999999999999987,0.00925677774492506,1.3561552798785403
